{"stat.useItem.minecraft.iron_bars":28,"stat.useItem.minecraft.bow":5,"stat.walkOneCm":490272,"stat.leaveGame":30,"stat.drop.minecraft.wool":1,"stat.pickup.minecraft.shield":1,"stat.drop.minecraft.shield":1,"stat.jump":587,"stat.useItem.minecraft.redstone_block":110,"stat.useItem.minecraft.end_rod":2,"stat.crouchOneCm":5015,"stat.useItem.minecraft.stone_button":84,"stat.useItem.minecraft.dirt":11,"stat.sprintOneCm":30321,"stat.useItem.minecraft.stained_glass":156,"achievement.exploreAllBiomes":{"value":0,"progress":["Plains"]},"stat.pickup.minecraft.rotten_flesh":2,"stat.useItem.minecraft.stone_slab":445,"achievement.openInventory":200,"stat.useItem.minecraft.iron_block":2248,"stat.useItem.minecraft.gold_block":539,"stat.mobKills":1,"stat.aviateOneCm":645,"stat.flyOneCm":1959519,"stat.drop":3,"stat.playOneMinute":263638,"stat.useItem.minecraft.enchanting_table":1,"stat.sneakTime":8163,"stat.pickup.minecraft.wool":1,"stat.damageDealt":10,"stat.useItem.minecraft.wool":10635,"stat.killEntity.Zombie":1,"stat.timeSinceDeath":263638,"stat.useItem.minecraft.spawn_egg":2,"stat.drop.minecraft.grass":1}